4316698280,public
4354907117,public
4314345389,public
4359495394,public
4337244729,public
4367694739,public
4376902520,public
4374755785,public
4376853039,public
4378567444,public
4342673223,public
4343818719,private
4355173930,public
4365486120,public
4331464121,public
4351873781,public
4353043381,public
4364389134,public
4381335594,private
4364709129,public
4366710667,public
4369594181,public
4376077679,public
3415447262,private
4364656971,private
4380127611,public
4361593379,private
4347489119,public
4343185571,public
4378031976,private
4349330737,public
4320108433,public
4358306281,public
4378681116,public
4352032818,public
4375150128,public
4355913689,public
4356183178,public
4355469757,private
4380364284,public
4321574741,public
4355595417,public
4380701618,public
4323421628,public
4354429894,public
4346620028,public
4356608234,public
4379999849,public
4335014781,public
4375149173,private
4351953569,public
4367309398,private
4372915691,public
4380799052,public
4383231417,public
4372744595,public
4321268197,public
4352330982,public
4315156203,public
4328304020,public
4383938033,public
4345814884,public
4380678724,public
4376906926,public
4333798714,public
4381322236,public
4384889247,public
4350185943,public
4365407336,private
4372853702,private
4384889249,public
4349786415,public
4381714764,private
4371124518,public
4380689421,private
4382342500,private
4376679178,public
4332735316,private
4333969837,public
2297438288,public
2405330222,public
4382087594,public
4385538411,public
4361534185,private
4375537269,public
4351161774,public
4381818553,private
4373806370,public
4453266637,private
4362501907,public
4379533056,private
4362782157,public
4377734359,public
4368286808,private
4384519454,public
4414424811,public
4415195124,private
4378119676,private
4363879400,private
4336665971,public
4372816743,public
4380791132,public
4382925742,public
4383500180,public
4314659823,public
4336996973,public
4366217746,public
4372699475,public
4377993159,public
4364743027,public
4378907075,private
4372851974,public
4326286896,private
4372243797,public
4340665988,public
4350602282,public
4378211111,public
4356134146,private
4349120094,public
4340882162,public
4379503264,public
4330260294,public
4371390528,public
4360066422,public
4357865194,public
4384230850,public
4379972749,public
4343627133,public
4377854164,public
4353036212,private
4376669790,private
4319667403,public
4368164393,public
4385703401,public
4380411165,public
4336684288,public
4318310010,public
4365798018,private
4384365798,private
4341318723,public
4316918846,public
4382412105,public
4361536719,public
4316063881,public
4381704584,public
4358222976,public
4347997125,private
4381331161,public
4326736065,public
4371389557,public
4375994871,public
3451798814,private
4380586121,private
4375367449,public
4379010829,public
4377188437,public
4363440226,public
4327308584,public
4386197330,public
4371011891,public
4323704184,public
4380273738,public
4383109305,public
4562070493,private
4378003077,public
4355986665,private
4341871279,public
4329204432,public
4373831368,public
4372495458,public
4376715324,public
4372086374,public
4380913230,public
4351324499,public
4315929796,private
4331515393,public
4379713048,private
4383716209,private
4380275512,public
4376615986,public
4380095595,private
4364722945,public
4383659979,public
4379422146,public
4451883275,private
3848232196,public
4380800562,public
4381226446,private
4373993038,public
4380158748,public
4374052682,private
4330678585,public
4354142926,public
4380252845,private
4328773505,public
4378927515,private
4360053172,public
4383344998,public
4358487973,private
4341322801,public
4381671972,public
4380082290,public
4382551111,public
4340396340,public
4368430938,public
4375984635,private
4385648916,public
4348746513,public
4362347663,private
4379821779,public
634498131,private
4375659748,public
4380855694,public
104533575,private
4376602648,public
4380774650,public
4317925056,public
4375567045,public
4359961577,private
4377073156,public
4372554372,public
4380047068,public
4351979255,private
4357576857,public
4333122036,public
4380426285,public
4366565365,public
4382119735,private
4355014447,public
4333832285,public
4602805654,public
4375845680,public
4365617229,private
3377006165,public
4357297009,public
4384089063,public
4416792536,public
4379837299,public
4373984127,public
4383490213,public
4318544658,public
4381281183,public
4378897973,public
4351924993,private
4376311775,public
4384498946,public
4349141888,public
4333949484,private
416492562,public
3800193198,public
4373965858,public
4385282755,public
4370341691,public
4374855937,public
4377644286,public
4382806427,private
4363886528,public
4377567679,public
4334738975,public
4375925447,public
4317918779,public
4360982189,public
4372622122,public
4387671770,public
4354891003,public
4368030803,public
4323737991,private
4351280278,private
3682794235,public
4336892398,public
4354667838,public
4342311151,private
4377945424,public
4371581186,private
2932410766,public
4347401090,public
423540192,private
4349231873,public
4380737667,public
5082782334,private
4350656983,public
4356359149,public
4351702250,public
4833647638,private
4365078356,public
4351947687,public
4375629945,public
4382230212,public
4318250745,public
4350052746,public
4373379822,public
4370627347,public
4376737550,public
4370582601,public
4377056624,public
4318100990,public
4337422977,public
4368873280,public
4377017033,public
4370781841,public
4416078233,public
4380260510,private
4418704471,public
4385646339,public
4385880784,public
2266340817,public
4341661487,private
4379394352,public
4366853258,private
4378186424,private
4385082192,public
4317210888,public
4379300436,public
4381297571,public
4333957064,public
4351637699,public
4382682440,public
4383678175,public
4381899186,private
4363532989,public
4377668273,public
4326853754,public
4329889204,public
3399080466,private
4383660891,public
4333347830,public
4322322941,public
4335201075,public
4321063628,public
4379588192,public
4381785916,public
4378300687,public
4379080712,public
4341278991,public
4325177973,public
4359779134,public
4435090563,private
4366766182,public
4359618018,public
4367606125,public
4316954473,public
4334773239,public
4359013302,public
4323860417,public
4362072851,public
4381534665,private
4315292103,public
4382850519,public
4420079492,public
1282542580,private
4383196534,public
4412273706,public
4314571271,public
4381046363,public
4362448307,public
4377765562,public
4349491132,public
4380277309,public
4381477690,public
4375235655,public
4354585357,public
4316129377,public
4361057266,public
4345158559,public
4377034400,public
4326556140,public
4367084868,private
4374268712,public
2906983927,private
4356994832,public
4342654086,public
4385358343,public
4358205629,public
4368875815,private
4320305771,public
4360132384,public
4376837036,public
4383790206,public
4372362351,public
4356592262,public
4384001841,private
4375299666,public
4347498809,public
4356736450,private
4381103594,public
4320256302,public
4316650248,public
4377934762,private
4319138667,public
4348518005,public
4348798637,public
4358037531,public
4344018387,public
4356293518,public
4382882147,private
4352123349,public
4365175649,public
4350785648,private
4377128796,public
4331814000,public
4376443519,private
4357516354,public
4408784683,public
4340996136,public
4380895684,public
4372354721,public
4336448010,public
4327010210,public
4381327899,public
4314575601,public
4358897363,public
4349717876,public
4406951626,public
4318120508,public
4379065103,public
4383285379,public
4384211714,public
4379813223,public
4378711561,public
4325661020,public
4370748435,public
4378850422,public
4339804835,private
4331024733,public
4373902983,public
4376733118,public
4166137793,private
4899991473,private
4320163337,private
4347586328,public
4380417382,public
4380392270,public
4379019284,public
4383940276,public
4347009851,public
4358839495,public
4384920678,public
3434538460,private
4383512216,private
4347971461,public
4358303181,public
4361917701,private
4364127174,public
4372683076,private
4363853684,public
4376317971,public
4375105464,private
4315918192,public
4374452024,public
4376504974,public
4315110960,public
4377439267,public
2232661905,private
4328895970,public
4383369462,public
4334933703,public
4383530095,public
4381288698,private
4319970919,public
4353685013,public
4368829068,public
4327566892,private
4382122358,public
4361509073,public
4382689801,private
4329162205,private
4361598938,public
4369863862,public
4378529281,public
4385560487,public
4380385083,public
4380709436,public
4358400201,private
4359163130,private
4372276551,private
4375956609,public
4319644022,public
4371316688,private
4354359542,public
4421298007,public
4369625902,public
4370802363,public
4384134894,public
4378694530,public
4378302367,public
4338333197,public
4362543630,public
4316327907,public
4345421175,public
4320912872,public
4347418060,public
4371605836,public
3938357091,private
4338165335,public
2537496612,public
4364977640,public
4371994503,private
4379957059,public
4372943845,public
4351537284,private
4349280068,private
4313203395,public
4362843716,public
4367033087,public
4380437862,public
4383954877,private
2176818330,private
4323168579,public
4379951745,public
2291321249,private
4369779115,public
4381393381,public
4416077627,private
4379813435,public
4371113933,public
4382512249,public
4384832450,private
4382693099,public
4355789998,public
4374189288,private
4562767757,public
4435086431,public
4355790962,public
4375561090,public
4375473641,public
4379845009,public
4420722723,private
4371602787,public
4379308506,public
4384137938,public
4379168372,public
4370351822,private
4385161476,public
4370138557,public
4380411258,public
4367489845,public
472738639,public
4355087575,public
4332123481,public
4379321561,public
4371544168,public
4369260198,public
4316825682,private
4369207132,public
4379594787,public
4317057707,public
4372677102,public
4317414051,public
4341933973,public
4367293417,public
4369965604,public
4370000566,public
4359067920,public
4385811112,public
4330740949,public
4380047954,public
4380690302,public
4380727294,public
4346686801,public
4380607616,public
4373717527,public
4422683130,public
4373356169,public
4371497230,public
4373994400,public
4317599030,private
4374478458,public
4377677990,public
4381796718,public
3882683473,private
4361115823,public
4314883095,private
4369595341,public
4374835696,public
4374894899,public
4369034072,public
4378013363,public
4324287757,public
4371809674,public
4383281642,public
4330779128,public
4333487483,public
4320443630,public
4373713150,public
4356323890,public
4342368953,public
4857151308,public
4379822356,public
4426572116,public
4378413284,public
4385310328,private
4319237624,public
4382668034,public
4333740460,public
4382994494,private
4397246488,public
4409110391,public
4377026663,public
4375149087,public
4377104626,public
3737688164,public
4325851350,private
4339643325,public
3649146297,private
4383468225,public
4323241524,private
4333807254,public
4350865304,public
4334292126,public
4371604595,public
4383644156,public
4361591471,public
4333980378,public
4381802907,public
4384203358,public
3198859187,public
4370451480,public
4369826831,public
4385003552,private
4382283524,public
4372368597,public
4377762517,public
4383343547,private
4381053447,public
4318135782,public
4363802876,public
4380063147,private
4321538900,public
4375962455,public
3767379654,public
4328632046,public
4377145118,public
4393681856,public
4356363968,public
4370405581,private
4378876159,public
4320075153,public
4341885786,public
4324261126,public
3697630582,public
4384714333,private
4378876152,public
4335290050,public
2588109516,private
4349883502,public
4323205884,public
4361163512,public
4316860860,public
4359774450,public
4367155591,public
4363043374,private
4376196299,public
104958071,public
4368661760,private
4801128746,public
4329445372,public
4329360086,public
2183998848,private
4345341991,public
4374132379,public
4378413208,public
4353304313,public
4376145516,public
4378949845,public
4367252665,public
4383984935,public
4379576973,public
4343794960,private
4362452557,public
4382818491,private
4380094381,public
4355223814,public
4336887630,public
4380667107,private
4362275359,public
4362627892,public
4331671803,public
4344516899,private
4371744865,public
4375168203,public
4358683211,private
4378258582,public
4348594743,public
4378188318,public
4330193705,private
4368729676,public
4367423186,public
4378472725,public
4383996957,public
4355857163,private
4319819378,public
4365074156,private
4381133464,public
4361591419,private
4316762461,public
4340186469,public
4324262406,public
4381324929,public
4334644668,public
4376602774,public
4384248202,public
4377021805,public
4380216200,public
4385573799,public
4384993417,public
4385019944,private
4369164079,public
4335701383,public
4383123753,private
4376517316,public
4377808430,public
4338881120,public
4373786192,public
4380506035,private
4379842774,public
4348830290,public
4403570285,public
4349925088,public
4350688499,public
4383833670,private
4379620173,public
4378550799,public
4354892448,public
4376233739,public
4383566172,public
4350442802,private
4368228060,public
4354825628,private
4422182286,public
4346880140,public
4379737206,public
4375751022,private
4319298510,public
4380437051,public
4316706441,public
4370669062,public
4378810286,public
4376567950,public
4372542283,public
4357021253,public
4333090102,private
4364873199,public
4395863889,private
4377021859,private
4386088024,public
4378195467,public
3493057651,private
4370454562,public
4370845432,public
4379047189,public
4352279826,public
4346664569,public
175585405,private
4383892854,public
4371084632,public
4382564328,public
4382590603,public
4374278256,private
4329404050,public
4354869220,public
4373964628,public
4356567386,public
4352514469,public
4365253447,public
4381902320,public
4330541085,private
4355052827,public
4418718313,public
4334600213,public
4380295992,public
4333924250,public
4392919841,public
4368102172,public
2858898387,private
4381862602,public
4384666783,public
4362040395,public
4361404895,public
4378419394,public
4364664727,public
4381315143,public
4372250750,private
4315771472,public
4339623757,public
4319434870,public
4319827850,private
4372704360,public
4384615165,public
4330262821,public
4349717918,public
4359345770,public
4341282244,public
4383274543,private
4357291862,public
4865748494,public
4383080935,public
4366531766,private
4346446883,public
4374667311,private
4383122361,public
4380417414,public
4359340071,public
4371470202,private
4379519487,public
4367958112,public
2737976640,public
4322380906,private
4363621607,public
4380817249,public
4376442969,private
4343788355,public
4366253493,public
4379287184,public
4371333996,public
4376356571,public
4383831076,public
4380459290,public
4369236552,public
2762322093,public
4314980241,public
4346413995,public
4382093432,private
73032102,private
4354778829,public
4371556910,public
4380375656,private
4376450579,private
4381508267,public
4328474362,public
4377157119,public
4382989828,private
4386514964,public
4356964055,public
4361990281,public
4378078776,public
4374888908,public
4324281639,public
4380409895,public
4352061303,private
4380897306,private
4375708240,public
4318290683,public
4375371362,private
4359692986,public
4373824028,public
4379991813,public
4378368107,private
4368506735,private
4339495546,public
4385778862,public
4359248656,public
4384540813,public
4382061811,public
4375152707,public
4375567101,private
4350112149,public
4382276321,public
4373829743,public
4375057468,public
4366903877,private
4334229798,public
4319860490,public
4370050816,private
4377183421,public
4385315926,private
4362628274,public
4336011312,public
4713738094,public
4374958400,public
4377358325,public
4371955786,private
2617543987,private
4384906281,public
4330808979,public
4317587923,public
4376603265,public
4332349937,public
4384869687,public
4381620544,public
4383984133,public
4359608796,public
4383024827,private
4328012795,public
4418464121,private
4346422033,public
4358455681,public
4366200156,public
4383326214,public
4372219024,public
4379146086,public
4365784999,public
4363573506,public
4380190927,public
4377210631,public
4375244464,public
4369442663,public
4382762095,public
4382454846,public
4314892094,public
4360554828,public
4379515965,public
4315292898,public
4352841286,public
4382753141,public
4332437276,public
4379758903,public
4373174530,public
4314968557,public
4371370045,public
4349166440,public
4385221610,public
4331525407,public
4339482208,public
4422019700,public
4349342780,public
4352205537,public
4354218806,public
4356051986,public
4389218407,public
4377787044,public
4333603353,public
4361132422,public
4376426088,public
4323758736,public
4331910508,public
4380713516,public
4359401419,public
4361204544,private
4357841242,public
4344857311,public
4356896386,public
4361728860,public
4317223415,public
4346275964,private
4318967650,public
4344739369,public
4383485597,private
4375645911,public
4316443327,public
4382305745,public
4376893003,private
4380650374,public
3553235790,private
4364409255,public
4376882359,public
4366000282,public
4316432685,public
4368215419,public
4358618796,public
4308371761,public
4383268971,public
4356702513,public
4406950626,private
4326688511,private
2421604866,private
4370723349,public
4380767202,public
4384100994,public
4380745892,public
4378555200,private
4377370999,public
4552806826,public
4319604926,private
4380675442,public
4350660369,public
4314247941,public
4357168895,public
4317016242,public
4330178815,public
4353285483,public
4342157456,public
4327382314,public
4359943008,public
4380699401,public
3663341445,public
4398003840,private
4883902101,private
4382193448,public
4384330824,private
4362621128,private
4376692398,public
4367050766,public
4375325842,private
4349008772,public
4384904715,private
4353803723,public
4369617152,public
4364184002,private
4370703744,public
4359016683,public
4356630372,public
4412272108,public
4374330530,private
4316339803,public
4325065428,public
4366901113,public
4333578875,public
4346368375,public
4369158150,public
4323702153,public
4368466262,public
4365120249,public
4369327940,public
4366769930,public
4381898888,public
4368630753,public
4377926113,private
4315894754,private
4319447149,public
4361132036,public
4381618277,public
4370562469,public
4314340725,public
4354828495,public
4381590620,public
2324704498,private
4318116766,public
4386252056,public
4315664821,private
300344531,private
4380117612,public
4315894768,private
4080689616,private
4347629735,public
4353104653,public
4320007982,public
4420677752,public
4346782325,private
4348829684,private
4363373194,public
4379197653,public
4367219591,public
4382870779,public
4330599440,public
4342309890,public
4383735105,private
4356344699,public
4383073847,public
4332639272,public
4331269526,public
4415225276,public
4866383165,public
4371724055,public
4326482350,public
4372586515,public
4355021870,public
4376535967,public
4379676653,private
4346496679,public
4331635005,public
4409094980,private
4367323495,public
4328294757,public
4380913432,private
4542089529,private
4382942970,private
3006810141,private
4380201483,public
4384460945,public
4381155356,private
4334742738,public
4372496558,public
4351957745,public
4384098976,public
3978907109,public
4383736483,public
4348103433,public
4380590837,public
4371880467,public
4372472582,public
4375153483,public
3747259527,private
4316117918,public
4344673131,public
4365087144,public
4379302943,public
4380907654,public
4358462423,private
4351299187,public
4370801315,private
4333107163,public
4382352196,public
4384229634,private
4373332009,private
4360813049,private
4368087434,public
4379121129,private
4349302894,public
4370271097,public
4315376114,public
5080530397,private
212673112,private
4353124276,public
4376369731,private
4381108129,public
4353486386,public
4378006337,private
4372017181,public
4385982443,public
4320552465,public
4391527659,public
4368164167,public
4378391727,public
2711197669,private
4346619693,private
4321170843,public
4419596097,public
4360627217,public
4374250778,private
4349024885,public
4339792666,public
4377484951,public
4314659651,public
2746187012,private
4314625485,public
4335600544,public
4343921131,private
4375135632,public
4369039699,public
4360977744,public
4375364593,public
4381018524,public
4320040594,public
4328443268,private
4382412389,public
4367752582,private
4373414490,private
4336251817,public
4352023218,public
4372881997,public
4340516574,public
4352786080,public
4339618465,public
4370846208,public
4374584030,public
3424690801,public
4380794006,public
4360803682,public
4374320354,public
4355636291,public
4372237286,public
4384258129,public
4364065440,private
4357975421,public
4379444155,public
4361454969,public
4343550771,public
4319217750,public
4361893439,public
4376097405,public
4380826910,public
4381027482,public
2447839502,private
4367958297,public
4368054513,public
4337349127,public
4343881746,public
4359663693,public
4376749721,private
2625592834,private
4376056047,public
4370363697,public
4376222724,public
4334451433,private
4385301260,public
4419256517,public
4381379856,public
4343009861,public
4374620155,public
4379760462,public
4382690241,public
4359286659,public
4376344470,public
4336377039,public
4374855717,public
4371067158,public
4351019753,private
4381837975,public
4341401995,public
4383395148,public
4353346043,public
4382618152,public
4423054859,public
4336324512,private
4353487642,public
4383670023,public
4328270807,public
4385834915,private
4343351111,public
4365886916,public
4384720385,private
4350276221,public
4373518715,public
4356227841,private
4354053244,private
4352454076,private
4339246865,public
4382939262,public
4319706057,private
4346652236,public
4378748603,private
4343479426,public
4381993389,public
4379953003,public
4382911707,public
4422743065,public
4355579914,public
4377016390,public
4374889933,private
4422859573,public
4316167436,public
4343652710,public
4351786562,private
4344037725,public
4384267936,private
4367629435,public
3409532010,private
4320595554,public
4360573660,public
4317295158,public
4344676271,public
4373643818,public
4373824351,public
4378855036,public
4380532006,public
4380757038,public
4359236368,public
4361286050,public
4374394513,private
4380142545,public
4384639018,public
4366717897,public
4383499698,public
4367364897,private
4375397435,public
4377629724,private
4383179383,public
4380171094,public
4381815728,private
4378145275,public
4353747119,private
4366645787,private
4370538733,private
4381476138,public
4382048529,public
4378324843,private
4352513079,public
576663549,private
4348743791,public
4383935547,public
4381922262,public
4382546824,public
4379574165,public
4356097691,public
4384215030,public
4379521673,public
4834354547,public
4378770528,private
4385646577,public
4376961002,public
4330340664,public
4362272117,private
4317479455,public
4324167973,public
4318165687,public
4376736436,public
4378059799,private
4378537454,public
4350138427,public
4339879960,public
4370758057,public
4369141249,public
4382166741,public
4352333015,public
4356795013,public
2651833329,private
4318849188,public
4379691471,public
4384935074,public
4379797792,public
3217841606,private
4364295420,private
4339485214,public
4381801104,private
4366499480,public
4382598078,public
4358290438,public
4362664226,public
4380347087,private
4352182774,public
4379127204,public
4319944836,public
4346575678,public
4375477761,private
4384615002,public
4329463550,public
4360389964,private
4365252054,private
4382755241,public
4376402845,public
4324929145,public
4384180134,private
4357901015,public
4369340839,public
4356783003,public
4380314173,public
4363189896,public
4343930975,private
4383527997,public
4371492779,private
4322852812,public
4358569235,public
4369944697,public
4363575823,private
4362954299,private
4420502245,public
4322779785,public
4379801486,public
4385323430,public
4350377670,public
4396481331,public
4381277767,private
4340664500,private
4383512014,private
4373516934,public
4377906489,public
4357489151,public
4354951920,private
4375986578,public
4356591193,public
4334775696,public
4354030561,public
4374245472,public
4414690623,public
4384955540,public
4445591429,public
4345085543,public
4378560632,public
4327046435,public
4356798958,public
4375070565,public
4331192596,public
4373059329,private
4373556126,public
4379074276,private
4386195820,private
4372231031,private
4409099706,public
4354836828,public
4370864890,public
4381818847,public
4384192167,public
4346206678,public
4316754393,public
4344566983,public
4328769701,private
4376825288,public
4319484179,public
4381306717,public
4381196769,public
4334502629,public
4343750483,public
4376432617,public
4334736928,public
4318486130,public
4339992268,public
4367317686,public
4371046271,public
4684480117,public
4352844420,private
4368754192,public
4331194351,public
4382582522,public
4330350850,public
4343719685,public
4402461537,private
4408785757,public
4328892232,private
4373338222,public
4382929024,public
4366276288,private
4332931542,private
4382286492,public
4373023350,public
4329962118,public
4337836636,public
4372142412,public
3997650367,private
4328105414,public
4371320708,public
4375842812,private
4378455959,public
4378767788,public
4373360109,public
4352737389,public
4377360788,private
4379774296,public
4382994094,public
4366552704,public
4382420779,public
4380945992,public
4341074274,public
4361321746,public
4337519700,public
4402761815,private
4328755866,private
4327654035,public
4378325227,public
4378657363,public
4313950568,public
4381860181,public
4380493789,private
4346278494,public
4378249822,public
4380604371,public
4380883409,public
4379377795,public
4368480643,private
4382604202,public
4394872178,private
4380743114,public
4377884795,public
4359774626,private
4348728812,public
4367403347,public
3007645736,private
4345926134,public
4359621005,private
4343334577,public
4382016294,public
4385219992,private
4381594902,public
2802280184,public
4368819032,public
4349698948,public
4380295292,public
4382987942,public
4376452177,private
4383524076,public
4611502040,private
4377998779,public
4356323682,public
4357249831,public
4360713590,public
4343184582,public
4379756552,public
4379006038,public
4315296630,public
4378331926,public
4361834124,private
4380834453,private
4315120396,public
4374946130,public
4366775080,public
4317370171,private
4356218214,public
4381437293,public
4370405769,public
4365199279,public
4353023640,public
4385091027,public
4375840208,public
4376248675,public
4379871512,public
4361079680,private
4421461626,public
4373577146,public
4383205478,private
3081144494,private
4379821235,public
4361183731,public
4380326066,public
4357974827,public
4318133399,public
4372448962,public
4382115859,public
4349131061,public
3943915045,private
4346261602,public
4341550168,private
4356649070,public
4382213455,public
4351676201,private
4365359698,public
4379227267,public
4366709575,private
4322758038,public
4375187577,public
4368769963,public
4340103617,private
4368052073,public
4370987558,public
4380117730,public
4356122901,public
4369390463,public
4360048080,public
576689471,private
4375603809,private
4355031314,public
4384131197,public
2712847260,private
4352294864,public
4377161034,private
4381303861,public
4317154691,public
4361675217,public
4378108422,public
4352178500,public
4357314375,public
4367760215,public
4375037208,public
274295769,public
4379197784,public
4383205484,public
4416207183,public
4360981975,public
4382876194,public
4363019885,public
4370014970,public
4356617491,public
4372732214,public
4372763387,public
4382118018,public
4341163522,public
4369868484,public
4380625236,private
4362972272,public
4351592285,public
4326645505,public
4383938561,public
4379937637,private
4380708756,public
4366345342,public
4322561359,public
4362227487,public
4361316547,public
4376386153,public
4372647980,public
4354715805,public
4327899254,public
4351767526,public
4370445801,public
4343929189,public
4360930322,public
4378375559,public
4381452819,public
4381507621,private
4382656264,public
4362206570,public
4383660858,public
4382811600,public
4373854102,public
4334339561,private
4380475942,public
4385703536,public
4376209935,public
4378252616,public
4375991235,public
4375728510,public
4367665902,private
4375634156,private
4383735023,public
4315736063,public
4327923222,public
4316794236,public
2325744235,private
2669158792,private
4373970235,private
4353951378,public
4380510816,public
4328917849,public
4371134289,public
4370030167,private
4381372297,private
4376354529,public
4341590059,private
4367392970,public
4379168513,private
4353047656,public
4378062555,public
4380042411,private
4329978495,public
4370951581,public
4371682688,public
4332490135,public
4344412824,public
4365390485,public
4381272206,public
2286395837,private
4315448448,public
4354545492,public
4380237340,public
4378899423,public
3338824502,public
2736000705,private
4369891509,public
4377263858,public
4327780389,public
1593342141,public
4380683848,public
4384878880,public
4423733990,private
4380510838,public
4382052746,public
4339007910,public
4325748350,public
4353128760,public
3941010542,private
4336124923,private
4363436288,public
4370364081,public
4380969139,public
4319914001,public
4380751559,public
4382331341,public
4364566687,public
4384959775,private
4359729252,public
4375935020,public
4350127006,private
4360522222,private
4316959486,private
4421952699,public
4342268222,public
4360408541,private
4357344145,public
4383571297,public
4323346836,public
4380648620,public
4378747150,public
4382357940,public
4346274076,private
4374199269,public
4377204686,public
4316794283,public
4370148536,private
4380572290,public
4367639568,public
4382669632,public
4360423324,public
4325960285,public
4380313592,public
4378664463,public
4370478781,public
4377042547,public
4378737808,public
4363839880,public
4363564417,public
4374566895,public
4384024684,private
4379566426,public
4327564929,private
4381076274,public
399698626,private
4378055487,public
4333988925,public
4349572286,public
4367883951,public
4374989325,private
4334341801,public
4317264114,private
4359787011,private
4365757558,public
4357492039,public
4314602027,public
4370189010,private
4379704513,public
4324728229,public
4321569705,public
4342771691,public
4376011030,public
4358991009,public
4372650652,private
4379838049,public
4371680964,public
4366335169,private
2579017756,private
4343703129,public
4360652136,public
4322616104,public
4361060175,private
4369669359,public
4380619394,public
4318395014,public
4364957499,public
4377853682,public
4379214861,public
4384914015,public
4378253966,public
4382581942,public
4325194167,public
4378123128,public
4382495541,public
4343993765,public
4322168262,private
4324862389,public
4329924615,public
4380959887,public
4383499560,public
4381191102,public
4374069250,public
4385613580,private
4245967548,public
4381440085,public
4377919083,private
4349393736,public
231007843,public
4375774371,public
4384870087,public
4367090796,public
4334769082,public
4372035089,public
4376208527,private
4339003487,private
1260470227,public
4330773145,public
4382220519,private
4383729228,private
4383833497,private
4380761887,public
4386411996,public
4356392293,public
4371583036,private
4374356379,public
4333198867,private
4369959640,public
4349825519,private
4342138212,public
4373478369,public
4370501570,public
4380579642,public
4382435066,public
4379054522,private
4375712946,public
4377108868,public
4790767963,private
4366410874,public
4363341499,public
4375267380,public
4346649678,public
4336577218,private
4382152849,public
4377501105,public
4379545580,public
4347495645,public
4358224004,public
4314893132,public
4355135813,public
4381314491,public
4324944663,public
3233756473,private
4383602085,public
4359385570,public
4379848220,public
4376066120,public
4339915148,public
4366887973,public
4343208934,private
4367687257,public
4378986251,private
4351533874,public
4323184758,public
4351483977,public
4379824287,public
4381884214,public
4319435942,public
4356734168,public
4316665612,private
4382567679,private
4381456400,private
4320782688,public
4380813482,public
4363803072,public
4368144623,public
4372687995,public
4375591421,public
4380391010,public
4366048873,public
4374955121,public
4400439592,private
4379486748,public
4316508092,public
4384769744,public
4350483503,private
4326546633,private
4373514401,public
4379002528,public
4374611913,public
4379333262,public
4362178877,private
4384067758,private
4377297186,public
3729524668,private
4366339534,public
4374126267,public
2504990089,private
4383804100,private
4383564196,public
4330103292,private
4361507896,public
4381488892,public
4313779106,public
4378669279,public
4357992761,public
5082420114,private
4347115906,public
4359342407,public
4368700261,public
4380803276,public
4384914081,public
4366200327,private
4357447418,public
4354565875,public
4365913422,public
4358086800,public
4355705206,public
4381023780,public
4376208597,public
4315244586,public
4333986309,public
3289000420,public
4375351985,public
4316058442,public
4380475107,public
4320900213,public
4356573431,public
4376182366,public
4383455976,public
4367982829,public
4379930205,public
4377323020,private
4384117635,public
4382049914,private
4345471689,public
4363027538,public
4368150483,public
4369291523,public
4359780481,public
4384001997,public
4355842348,public
4380408333,private
4383781828,public
4374410570,private
4381970959,public
4368445520,private
4936613441,private
4317785464,private
4374354781,public
4386785536,private
4358771832,public
4327602718,public
4367659969,public
4335129666,public
4377273165,public
4380927435,private
4381821707,public
4360521434,public
4372688309,public
4380094601,private
4385117843,private
4385757666,private
4381906382,public
4374378763,public
4375336781,public
4344624369,public
4377606497,public
4348894023,public
4342582326,public
4351931745,private
4376066511,public
4348427998,private
4348585243,public
4345801112,private
4365200666,private
4376969209,public
4348063504,public
4382136622,public
4371295551,public
4382479697,public
4383475983,public
4368075248,public
4375127382,public
4361637058,public
4375460694,public
4383555728,public
4382764487,private
4366461917,private
4383025518,public
4364471698,public
4375131408,public
4380926131,public
4373732801,public
4360062468,public
4380904764,public
4361395077,public
4356619355,private
4382382194,public
4331029245,public
4380607967,public
549319227,private
4381459370,private
4347264658,private
4374069932,public
4322611698,private
4371987909,private
4380846384,private
4318144162,public
4317221092,private
4355370074,public
4362452831,public
4379581127,public
4368470530,public
4370715905,public
4385808068,public
4337967836,public
4372179043,private
4331732845,public
4378990307,public
4360738737,public
4371499525,public
4357755913,public
4381724588,public
4378661969,public
4321913464,public
4376007381,public
4319012152,public
4377186217,public
4360372577,public
4368326184,public
4371111674,public
4414078962,public
4324646827,public
4373087922,public
4409115727,public
4364531886,public
4343619177,public
4350186806,public
4376258555,public
4368417468,public
4341140530,public
4366169159,private
4348895383,public
4363433511,public
4377359957,private
4372663080,public
4366564407,public
4382010645,public
4315057762,public
4406275309,public
4344091428,public
4377401175,public
4328371243,public
4363855055,public
4382563530,public
4325182887,public
4069724705,public
4384417086,public
4355803642,public
4347711685,public
4317770367,public
4341564635,public
4367673403,private
4322546979,public
4369736373,private
4384926306,public
4374475930,public
4341222160,public
4366879317,private
4375914255,public
4374078831,public
4339006905,public
4409108603,public
4378673905,public
4416838794,public
4382189108,public
4352731099,public
4330915238,public
4377122101,public
4332935389,public
4375927592,public
4374404750,private
4379328462,public
4382634369,public
4327095512,public
4366113518,private
4379813718,private
4359834040,private
4331820263,public
4338816686,public
4379514371,public
4329536361,public
4378879768,public
4384817194,public
4382973839,public
4345329994,private
4360922868,public
4361191081,public
4375535933,public
4332386302,public
4369032821,private
4365720699,public
4378165144,public
4338537779,private
4368405435,private
4375480287,private
4382992122,public
4337666616,private
4340311817,public
4358855165,public
4382554603,private
4338326587,public
4384797804,public
4379935373,public
4347933425,public
4378332749,public
4372195915,private
4345582641,public
4368237486,private
4384520867,private
4338920176,public
4327187349,public
4344441292,private
4366442805,public
4349255304,public
4377059277,public
4370492288,private
4392374431,private
4338093435,public
4325761682,private
4816171930,public
4362879143,public
4357727095,public
4331985819,public
4370007498,public
4379771456,public
3527433527,public
4336572432,private
4376885074,public
4347558681,private
835822785,public
4343141562,public
4385157956,private
4363603356,public
4355675617,private
5051400770,public
4334578885,public
4377997903,public
4344422159,public
4377183923,private
4375903648,public
4375409439,private
4865363537,private
4368801177,public
4381867146,public
4378046672,private
4373629798,public
4374245656,public
4317159384,public
4364165014,public
4378811268,public
4367799483,public
4288295819,private
4349345332,public
4374826157,public
4379268331,public
4383777629,public
5026779299,public
2307510258,private
4330422978,public
4380588251,public
4376426552,public
4380439116,public
4361555425,private
4331298256,public
4323499923,public
4350070125,public
4376265691,private
4830461446,private
4374278584,public
4344688439,public
4351411804,private
4360478179,public
4345312259,private
4328958923,public
4351625222,public
4367275843,public
4376745587,public
4377177272,public
4357667601,public
4375613177,public
4383568243,public
4366427121,public
4378642755,private
4380365940,private
4378621835,public
4385408838,public
4344561034,public
4334564251,public
4346913118,public
4374129229,public
4349703610,private
4351342724,public
4347922723,public
4317553406,private
4332178215,public
4364128078,public
4376285266,public
4335249472,public
4381079628,public
4378801896,public
4334451633,public
5048951703,public
4380621359,public
4421228630,public
4354775236,public
4342710258,public
4323051876,public
4383144028,public
3372432117,public
4365352026,public
4377279242,public
4383345092,public
4378757322,public
4351581861,private
4335262439,private
4397907302,public
3501842228,private
4386020179,public
94775985,private
4378665403,public
4381341770,public
4383112461,public
4339123740,public
4348414714,public
4315327871,private
4384430956,public
4383562996,private
4340878564,private
4384768562,public
4417613647,private
4381278807,public
4373595106,public
4315359430,public
4380511795,private
2171361025,private
4375244176,public
4340571995,private
4378853088,public
4376783864,public
4380270303,private
3944708352,private
4335066393,public
4338872776,public
4372564191,public
4358103040,public
4361935983,public
4381734706,public
4374226503,public
4357698778,public
4316892110,private
4350724272,public
4370701390,public
4369252099,public
4379556117,public
4363653541,private
4362967358,private
4435862470,private
4380418253,public
4384998844,public
4342624692,private
4363072257,public
4360427407,private
4381669264,public
4380505909,private
4384273584,public
4383186703,public
4335073484,public
4317629886,public
4370156610,public
4378393687,public
4401352011,private
1247028875,public
4332099013,public
4383406410,public
4342800384,public
4357625830,private
4323908690,private
4383194354,public
4368829561,private
4433721111,public
4419383443,private
4363960709,public
4423509928,public
4374376944,public
4376183304,public
4378423960,public
4380314392,public
4316032387,private
4339211931,public
4326629977,public
4381801382,public
4341128994,public
4372128322,public
4362377921,public
4378302899,public
4356478050,public
4366667772,private
4423734584,private
4381361328,private
4332847154,public
4357752903,public
4865987185,private
4385854066,public
4317058757,private
4317548866,private
4375469939,private
4362257144,public
4373804102,public
4338814849,public
4383955782,public
4352123763,public
4357951942,private
4370080121,public
2958793847,public
4346690357,public
4347101626,private
4420075504,public
4384652616,public
4350180762,public
4360262941,public
4380092866,public
4374033110,public
4346676068,public
4379373832,public
4381713836,public
4369852521,public
4372365843,public
4381746743,public
4375306887,public
4365046364,private
4378962381,public
4377211617,public
4375361631,public
4339894951,public
4374642553,public
4361632212,public
4380954232,public
4383345015,private
4380530907,public
4386021429,public
4373918081,public
4380201737,public
4379030077,public
4368683397,public
4336359836,public
4319351503,public
4359546171,private
4348214222,public
4367393121,public
4378664957,public
4381256669,public
4357283752,public
4376223874,public
4348451705,public
4379566388,public
4895798607,public
4370612704,public
4336427573,private
4341533437,public
4373268544,public
4376421760,public
4383075065,private
4334564299,public
4534889800,public
4345302830,public
4357401314,public
4426827116,public
4361677103,public
4315147645,private
4380408049,public
4379370927,public
4382636035,public
4383874656,public
4443485021,public
4364564642,public
4314953012,private
4346702114,public
4380689748,public
4382183745,public
4346473244,public
4385289604,private
4358335949,public
4352214986,public
4351047568,public
4318711751,public
4356734454,public
4414583987,public
4380129913,public
4375642387,public
4381883073,private
4384156661,private
4082505933,private
4384795398,public
4381747351,public
4381822923,public
4381328959,public
4379365559,public
4365464469,public
4381238913,public
4374732764,public
4362052810,private
4362909653,public
4318729075,public
4380894773,public
2467321340,public
3384674100,private
4371979357,public
4370506652,public
4379594324,public
4314980600,public
4366916791,private
4375539581,public
4379390507,private
4362068399,public
4320658546,public
4345963777,public
4379901045,private
4385434383,private
2588200740,private
4381199691,public
4382650308,private
4378268366,public
4385574695,public
4317040434,public
4315766527,public
4379323729,public
4328460920,private
4383429935,public
4367918567,public
4381154738,private
4372742240,public
4380838649,public
4365455533,public
4366723655,public
4371926873,public
4379678749,public
4376930083,public
4415953838,public
4399668273,public
4316999744,public
4381328907,public
4382752339,public
4375759469,public
4326010653,public
4382276852,private
4382365741,public
3090800285,private
4380322715,public
4382552701,public
4341082070,private
4384658796,public
4364975478,public
4385034261,public
4372265465,public
4346347555,public
4358043073,public
4345541411,public
4359126396,public
4385399207,public
4343538118,public
4381509203,public
4317332964,public
4378931290,public
4379600931,public
4376508029,public
4356437460,public
4379072624,public
4374613167,public
4369747127,public
4376876094,public
4377070334,public
4315915638,public
4370620179,public
4318963690,public
4367660808,public
4363686670,private
4362352721,public
4381387981,public
4381219781,private
4449244757,public
4357238901,private
3230676021,private
4334776058,public
4346119221,private
4363364376,public
4381153446,public
4380564438,public
4365482272,public
4343667707,public
4344469520,private
4379928907,public
4366733808,public
4377416312,public
4349906288,public
4380945380,public
4315729500,public
4373517687,public
4341371297,private
4357486427,public
4382187284,public
4378179809,private
4314267853,public
4404328536,public
4382514491,private
4360919306,public
4357673473,public
4406196754,public
4336243281,public
4373889003,public
4351130341,public
4375085138,private
4351605698,public
4370303764,public
4373279085,private
4354341845,public
4353338101,private
4376140286,public
4342219052,public
4381742539,public
4371196708,public
4372094380,public
4336117590,public
3271064487,public
4356615047,public
4403576089,public
4334031731,public
4356854060,public
4368650629,private
4324645670,private
4343861041,public
4324937658,public
4341886647,public
4384657448,private
4325110272,public
3128340792,private
4350116179,private
4368544548,public
4377539042,private
4425798324,private
4383324834,public
4379463806,private
4385422320,public
4331723164,private
4377491550,public
4380352595,private
4331981381,public
4421415103,public
338401494,private
4374821457,public
4424521571,public
4378828055,public
4420471184,private
2692666240,private
4345849276,public
4384831542,public
4381377754,public
505482339,private
4382112510,private
4380261215,public
4378831699,public
4360735515,public
4342991435,private
4362474342,public
4334237787,public
4368569808,public
4360712896,private
4371855128,public
4373076553,public
4379736276,public
4382359904,public
4375250699,public
4319455289,public
4374042740,public
4374662937,public
4351338537,private
4379482962,private
4383936590,public
4361893587,public
4377469668,public
4383856883,public
4362278868,private
5061723318,private
4382822998,private
4378737572,public
4383145509,private
4378143007,private
4359553284,private
4377866771,public
4603021707,private
4381798979,private
4374049396,public
4348394427,public
2692019876,public
4381886154,public
4323542414,public
4326262515,private
4372789711,private
4380926203,public
4316114744,public
4367881643,private
4318929735,private
4381672929,private
4317904464,public
4366788978,public
4368833593,private
4385889628,public
4346211560,public
4384561361,public
4379270699,public
4381709936,public
4380437431,public
4382522933,public
4353977787,public
4365787661,private
4371333583,public
4384505108,private
4357863847,public
4385307922,public
4344584487,private
4385439241,private
4369397200,public
4380579419,public
4411619983,private
4373162973,public
4383297600,public
4426572628,public
4371150564,public
4370351357,public
4325982299,private
4384699220,public
4316765999,public
4339612670,public
4354743781,public
4383878109,public
4375511135,public
4366253063,private
4366339743,public
4380616916,public
4378263570,private
4383455305,public
4384667653,public
4358403180,public
4350355147,public
4381317352,public
4371978835,public
4349928580,private
4384701510,public
4349426436,private
4385324486,public
4344525259,public
4378735883,public
4376320128,public
4361844600,public
4371473723,public
4334246727,public
4382595050,public
4380432625,public
4359084821,public
4380828335,private
4345137093,private
4360559253,public
4362140925,private
4375824419,public
4358645338,public
4343730507,public
4369438165,public
4323163223,public
4375912683,public
4360080372,public
4369156885,public
3585311586,private
4342014756,public
3583615929,private
4360186641,public
351775552,private
4359684004,public
4365865930,public
4377142570,public
4355461528,public
4366890529,public
4377993617,public
4353895046,public
4378784831,public
4383558100,public
4356684492,public
4340401168,private
4377156244,public
4379278681,public
4366619397,private
4363232574,public
4356546019,public
4350113037,public
4325961343,public
4376259070,public
4381859413,public
4370064185,public
4370346813,public
4384496607,public
4321554017,public
4380566111,public
4385716121,public
4338939727,public
4344517675,private
4381592025,public
4381456202,public
4329239661,public
4355628397,public
4348237614,public
4384568714,public
4347724248,public
4372911729,private
4380421932,public
4367037923,public
4376209626,private
2133754244,public
4351502974,private
4371610802,private
4386251898,public
4380191811,public
4365195559,public
4361934530,public
4380650776,private
4379868084,public
4366184008,public
4363207611,public
4351018154,public
4358774821,private
4763557580,private
4319196220,public
4316347111,public
4376299986,public
4354970787,public
4377440776,private
4366061636,public
4319814100,public
4382734420,public
4382069326,public
4325909610,public
4357108057,public
4375465645,public
4330274347,public
4377944664,private
4367185796,private
4383807887,public
4324436946,public
4318952139,public
4382722422,public
4380468647,public
4374949942,public
4340406014,public
4369223632,private
4351283043,private
4356643150,public
4378152779,public
4376180381,public
4380417064,public
4369805485,public
4341537720,public
4363480570,public
4359266083,public
4374950912,public
4382548715,public
4003035552,public
4371910435,public
4361154266,public
4371233333,public
4380673445,public
4422154619,private
4417269119,public
4377699739,public
4365749304,public
4361698185,public
4386089734,public
4379182149,public
4371828424,public
4346564884,public
4320309602,public
518041042,private
4378804880,public
4385323134,public
4371397514,public
4369787199,public
4421090161,private
4379683301,private
4340020100,public
4376591202,private
4377215091,public
4376690910,public
4382954766,public
4371023274,private
4408321408,private
4383113021,public
4365738645,public
4356350295,public
4380046227,public
4341752346,public
4420204979,public
4382383672,public
4317297285,public
4421279272,public
4356141049,public
4366279670,public
4351961412,public
4339065981,public
4423374563,public
4338495523,private
4368164869,public
4420061695,public
4374130984,private
4367259623,private
4345272490,private
4349038259,private
4371062853,public
4372828478,public
4341917479,private
4347364148,public
4350878557,public
4368071899,public
4366109641,public
4380259801,public
4318976116,public
4369185788,public
4377359207,public
4376400725,public
4344458016,public
4348211082,private
4380091677,public
4356866999,public
4384078668,public
4370779019,public
4380988561,public
4385180262,private
4334639774,public
4326008294,private
4362642142,public
4383181153,private
4381328851,public
4323506804,private
4343677089,private
4344750143,private
4344518130,public
4381808964,public
4382150703,public
4331455885,public
4385160464,public
4354737552,public
4355306557,public
4350199078,public
4385368887,public
4379408038,public
4712136631,public
4362761881,public
4376226775,public
4413190839,private
4355021408,private
4365156632,public
4326316172,public
4348405992,public
4351816515,public
4370814226,public
4344468962,private
4326871780,public
4344363884,public
4384766940,private
4365189579,public
4366181008,public
4376615778,public
4375484471,public
4365468940,public
4372880288,public
4379856276,public
4316346529,public
4377585237,public
4422181524,public
4327588580,public
4339024947,public
4359989689,public
3311509514,private
4319026122,public
4365190572,public
4338897052,public
4381861131,private
4313002721,public
4376390714,public
4369887980,public
4375096789,public
4382294588,public
4368122799,public
4317385531,public
4368440089,public
4317270244,public
4347055452,private
4370645779,private
4319540391,public
3551248161,public
4317450288,public
4355811435,public
4321445311,private
4379654841,public
4382372160,public
4326584319,public
4363865057,public
4318718293,public
4342757619,public
4371259230,private
4378671988,public
4371092604,public
4381621442,public
4377484556,public
4369583252,private
4380638070,private
4675116411,private
4383326900,public
4324832070,public
4376604211,public
4355537791,private
4354440854,public
4382790958,private
4382821394,private
4380330694,public
4375929549,private
4385083706,private
4383788048,public
4379607685,private
3076836625,private
4357815037,public
4381661512,public
4376200103,public
4372331336,private
4615879512,private
4379125979,public
4358139311,public
4359516133,public
4382436733,public
4349787993,public
4319830466,public
4385325717,public
4342344616,public
4348050852,public
4368632926,public
4378553013,public
4332263640,public
4355569364,private
4376707588,public
4318706278,public
4385114509,private
4350793902,private
4369952684,private
4315774045,private
4350102936,private
4331258400,public
4385291878,public
4369858580,public
4325176785,public
4382513499,public
4446364120,public
4315385480,public
4376509233,private
4319483227,public
4319631239,public
4322267713,public
4358449896,public
3085315880,private
4380102111,public
4336264708,public
4352249968,private
4316836216,public
4377155728,private
4354688093,public
4421917757,public
4335154826,private
4374091614,public
4354556634,public
4368833869,public
4329280878,public
4383285909,public
4380647820,public
4330734195,private
4366179570,private
4376725353,public
4368439911,private
4379717203,private
4356382591,private
4361334782,public
4385971326,public
4356650394,public
4367751686,public
4382562440,public
4345522365,private
4357779755,public
4372045636,public
4376812331,public
4383897249,public
4381285837,public
4331432375,public
2481950675,public
4381681941,public
4378270135,public
4353601933,public
4383968552,private
4385701467,public
4381526485,public
4354910105,public
4365823786,private
4375027335,public
4384061232,public
4323706130,public
4328505652,public
4368585204,public
4325926746,public
4334523197,public
4347008287,public
4348192024,public
4363608836,public
4383477083,private
3738877941,private
4334311502,public
3343892879,public
4397233421,public
4332155864,public
4404147146,private
4364302690,public
4375822244,public
4339341778,public
4366311648,private
4316891977,private
4334268177,public
4377926587,public
4315654178,private
4371096100,public
4346401909,public
4404937948,public
4384889880,public
4380048074,public
4403697579,public
4369230820,private
4403022135,private
4372577213,public
4366062004,public
4334269424,public
4385880912,public
4381802824,public
4362711504,public
4320645167,private
4375995976,public
4357973220,public
4372752332,private
4379300737,private
2100537142,private
4349154908,public
1495365549,public
4381003026,public
4321672984,public
4332346922,public
4364315926,private
4376007509,public
4456677616,public
4367646468,public
468747867,private
4331372168,public
4384982624,public
4363103219,public
4380706659,public
4371193793,public
4384887235,public
4339201405,public
4350567190,private
4353477895,public
4362827767,private
4374554630,public
4315062497,public
4358409808,public
3539999998,private
4319298706,public
4328971625,public
4356895727,public
4381600573,public
4381995640,public
4314359721,public
4353476553,public
4378609148,public
4372247088,private
4380706665,private
4358027091,public
4383855427,public
4353117540,public
4358984132,public
4362134056,private
4330206982,public
4378863152,public
4423730340,public
4367887052,public
4379947568,public
4374583192,public
4378667845,public
4377581771,public
4344795950,public
4335299931,public
4368800085,public
4316093902,public
4379843738,public
4315687181,public
4325181393,public
4376686191,public
4331711699,public
4340049012,public
4416790116,public
3601502256,private
4339273916,private
4367355514,private
4382578872,public
4365742172,public
4382621352,public
4367923157,public
4336829715,private
4381585608,public
4349186541,private
4319755415,public
4337109454,public
4322432238,public
4379634477,public
4368747469,public
4344608889,private
4351290296,public
4367674422,public
4372129004,public
4377372388,public
4337704440,public
4382254490,private
4404326663,public
4333568299,public
4376792127,public
4367576919,public
4341584867,public
4363944878,public
4342231442,private
4328624920,public
4330423605,public
4371791274,public
2125325177,private
4373471408,public
4374866836,public
4340025046,private
4369594719,public
4409705849,public
4366184180,public
4369430562,private
4357086912,public
4379352707,public
4379200538,public
4370707780,public
4376653277,public
4380650614,public
4357023377,public
4365166923,private
4375492958,public
3490111365,public
4363139125,public
4339758225,public
4383740151,public
4340728554,public
4380904195,public
4382565594,public
4378188824,public
2594949659,public
4371229388,public
4382295819,private
4344420169,public
4320036810,public
4381315253,private
4383766711,private
4384417733,public
4359324959,public
4384321493,public
4739811680,private
4381581294,private
4345885485,public
4348110165,public
4371081036,public
4380756191,public
4317023897,public
4380202427,public
4328712431,public
4363968874,public
4376176883,public
4319409396,public
4384952862,public
4375869463,private
4383935991,private
4319694095,private
4346477034,private
4370366303,private
50529648,public
4378147419,public
4378705033,public
490655397,private
714754266,public
4347885488,public
4378915379,public
4381880341,public
4626672527,public
4380756179,public
5035159870,public
4367574304,public
4384119091,public
4370261303,public
4375315166,public
4357251786,private
4345904298,public
4379847262,public
4324724235,public
4379032071,public
4376814188,public
4332558698,public
4423366619,private
4416009080,public
4383524490,public
4374253452,public
4376077393,public
4269658471,private
4380534237,public
4341572810,public
4377677824,public
4383567533,public
4377334019,public
4378319071,public
4352869302,public
4379325969,public
4376879499,public
4342088873,private
3067161620,private
4379802339,private
4385990518,public
4377397605,private
3331530636,private
4361948608,public
4363279566,public
4348421295,public
4340462625,public
4378022872,private
4668949200,private
4333188071,private
4416013110,public
4360005240,public
4381894147,public
4358537295,public
4415198432,private
4336588246,public
4322568561,public
2362870002,private
4357945059,public
2801386404,private
4373724639,public
4377182449,public
4363094637,public
4385487813,public
4364753927,public
4365887842,public
4363769286,public
4367582758,public
4366490691,public
4320556388,public
4360366827,public
4344537196,public
4376401965,public
4357581135,public
4366487057,private
4378778865,private
2617080257,public
4354944395,public
4384118636,public
3202985986,private
4383905282,public
4319918183,private
4314564711,public
4349268080,public
4331369442,public
4385300372,private
4399681405,public
4361998083,public
4346366224,public
4370384112,public
4373771860,public
4365398886,private
4381913722,public
4376803499,public
4383874501,public
4346054632,private
3731371340,public
4349342427,public
4384173417,public
433586851,private
4381718054,private
4371605197,public
4373841305,private
4364519925,public
4376907118,public
4354729969,private
4365535383,public
4385706273,public
4337482358,public
4372807669,private
4365453055,private
4355738670,public
4383545334,private
4373174668,public
4380568498,public
2929666040,private
4376104350,public
4373233691,public
4379390151,public
4366790028,private
4341136334,private
4379663867,public
4357845707,public
4365919068,private
4365887886,public
4365213792,public
4380998001,public
4377374930,private
4374734217,public
4356211059,private
4363029600,private
4366257558,public
4382475444,public
4380334187,public
4352381921,public
4354689465,private
4384554035,public
4365443749,public
4380001501,public
4420076124,public
4346622113,public
4371090742,public
4369964568,public
4378152153,public
4352906085,public
4372310542,public
4356198523,public
4377331013,public
4375768156,public
4371525607,public
4354139483,public
4370403564,private
4375927045,public
4360416579,private
4383468053,public
4329731086,public
4380926477,public
4345174614,public
4376972991,public
4384351439,public
1408048659,private
4377563781,public
4350412705,public
4362289352,public
4356458115,public
4363536739,public
4343644889,private
4372803300,public
4371964097,public
4382304161,public
4373020719,private
4375408801,private
4377414748,private
1336611556,public
4378088723,public
2065547163,private
4315513555,private
3408464140,private
4375425388,public
4370689206,public
4340299787,public
4369611504,public
4379947495,public
4379464068,public
4337734327,public
4361996211,public
4370196694,public
4323710968,private
4351404743,public
4339433450,public
4363706350,public
4369142935,public
4374454247,public
4351773818,public
4383367364,public
4333784680,public
4339667909,public
4365626629,public
4405895359,private
4363204827,public
4351919735,public
4356998107,private
4380720004,public
4320039235,public
4372794925,public
4332558496,public
4386540258,public
4341668773,public
4371952929,public
4364880146,public
4383484993,private
4342706304,public
4373281103,public
4353992295,public
4379694157,public
4380443015,public
4344724040,private
4384982582,public
4376606997,public
4328318721,private
4382477333,private
4338462338,public
4378162399,public
4379209831,public
4388988657,public
4385756496,public
4378139152,public
4317915718,public
4417614095,public
4423373081,public
2409591788,private
4337197952,private
4381841461,public
4379640395,public
4315927880,public
4381357212,private
4362108526,public
4374744505,private
4416844554,public
4422154029,public
4422019412,private
295588851,private
4376074253,public
4422969373,public
3208102553,private
4369404924,public
4376446777,public
4348415499,private
4386465334,public
4421852882,private
4373175244,private
4379704031,public
4395330451,public
4334704137,public
4355783170,public
397439637,private
4364584024,public
4334694297,public
4382850819,public
4371326652,public
4383089059,private
4368753120,public
4383420921,public
4383661724,public
4383269783,private
4375306155,public
4346875731,public
4316319678,public
4336409487,private
4409103016,public
4381717790,public
4382110532,public
4376063532,public
4372296786,public
4376784696,public
4358019558,private
4381724085,public
4385646881,public
4376050216,private
1050720611,public
4374450738,private
4375582152,public
4381715140,public
2568740770,private
375532425,public
4338876832,public
4326640288,private
4369694741,private
4380820237,public
4344506811,public
4377812677,public
4385135523,public
4377400184,public
4318071003,public
4369552018,public
4357835678,public
4385854726,private
4377832240,private
4379104901,public
4378427641,public
4383090908,public
4336118686,public
4324964610,public
4378894192,public
4361882247,public
4379145420,public
4427782483,public
4380011719,private
4380091091,public
4355164736,public
4358909893,public
4380764424,public
4459262266,private
4318426107,public
4351325469,public
4366903255,public
4342916801,public
4356963441,public
3462167744,private
4375425326,public
4350199821,public
4381459894,private
4313767504,private
4318917955,public
4419230326,public
4372345213,public
4381725375,private
4381249433,public
4378937686,public
4445592299,private
4366314612,private
4365042794,private
4379411586,public
4355837348,public
4378164169,public
4379321739,public
4352070880,public
4352921693,public
4384753702,public
4338876865,public
4317324616,public
4423442827,public
4324273304,public
4378148903,public
4369262555,public
4384614930,public
4376970366,public
4385478120,public
4378135609,public
4352232112,public
4375679465,public
4379668756,public
4380405629,public
4315297523,public
4374496957,public
4369627946,public
4383031716,public
4424134364,private
4381802718,private
4370892422,public
4335657723,private
4381203121,public
4381092762,private
4355576555,public
4330718784,public
4342015896,public
4367420252,public
4381160412,public
4318954150,public
4364456604,public
4368219345,public
4380957659,private
4360873856,public
4362125978,private
4363944974,public
1094738345,private
4376652039,public
4359814747,private
4374751744,public
4349495204,public
4384080368,public
4386253852,private
4381193324,public
4378944806,public
4330153092,public
4351532154,public
4369269274,public
4321922411,private
4379301211,public
4378903466,public
4355803144,public
4363222502,private
4379530030,public
4370204652,private
4375845588,public
4341351489,public
4318988373,public
3097150058,private
4318670565,public
4380773418,public
4371539316,private
4357597430,private
4376209428,public
4318611445,public
4373992082,public
4378867394,private
4341412971,public
4381995438,public
4358888550,private
4377294519,public
4382953262,public
4383775598,private
4338914692,private
4356807170,private
4352617034,private
4360868452,public
4365183305,public
4337186398,private
4362285739,public
4376837546,public
4369867502,private
4368027552,private
4349440991,public
4353167826,public
4365196619,private
2097496003,private
4335790541,public
4384480070,public
4332211491,public
3015121722,private
3635116405,private
4352183532,public
4359879180,public
4333298504,public
4364498463,public
4379129301,public
4351908197,private
4371838441,public
4384516532,public
4321546631,public
4361073024,public
4421272442,public
4391945531,public
4363483882,public
4329363733,public
4363894244,public
4372351940,public
4335867442,public
4339510932,public
4369731326,public
4381140825,public
4382093691,public
4326658334,public
4367492796,public
4379116022,public
4363195331,public
4331834583,private
4350884177,public
4384459470,private
4420461649,public
4364326689,public
4341754386,public
4379392041,public
4313845524,public
4330635135,public
4380995929,public
4377122712,public
4366457961,public
4343985795,public
4374493915,private
4098777433,private
4384219137,public
4334801249,private
4328568400,public
4371341350,public
4372371538,private
4377505945,public
4360428618,public
4323769604,public
4333929336,private
4373292716,public
4374128405,public
4378028283,private
4369161198,public
4329689052,public
4376770835,public
4378058923,public
4378511362,private
4363853788,public
4364921091,public
4365593327,public
4378282945,private
4380126128,private
4314261991,public
4393544499,public
4412264900,public
4316033576,private
4326345456,private
4350447426,public
4373096851,public
4374104441,public
4315080337,public
4367754040,public
4316434685,public
4379785478,public
4317228092,public
4370558046,public
4349638933,public
4378407149,private
4375893214,public
4314419089,public
4397989902,public
4381315369,public
4380514751,private
4315676342,public
3130684410,public
4357364239,public
4377010554,public
4422568381,public
2542884874,private
4359739807,public
4377289101,public
4374556248,public
4367449088,public
4327368572,public
4379572710,public
4383504994,public
4381734220,public
4071086896,private
4374252276,public
4380309926,public
4345480194,public
4364592474,public
4365527866,public
4328553379,public
4317464028,public
4371316352,public
4380267689,public
4382310060,public
4316488427,private
4373155607,private
4367502597,public
4364177964,private
4384557876,public
4378422718,public
4380570884,public
4385558773,public
4371542927,private
4332939130,public
4372196571,public
4384893110,public
4377992920,private
4378642612,public
4382912730,public
4338451737,public
4385126589,public
4341436073,public
4344135540,public
4377686619,public
4383754697,public
4374515789,private
4361059598,public
4374065290,private
4362841334,public
4403700931,public
2716721701,private
4365309721,public
4336251469,private
4375572730,public
4376963143,public
4351516069,public
4379181026,private
4347252604,public
4382213831,private
4379168062,public
4379743682,public
2711284147,private
4361542609,public
4353657556,public
4378328702,public
4376802038,public
4385067776,public
4337282188,public
4378851856,public
4375182391,public
4378299799,private
